board,loc
Ayrshire & Arran,A101H
Ayrshire & Arran,A103H
Ayrshire & Arran,A110H
Ayrshire & Arran,A111H
Ayrshire & Arran,A114H
Ayrshire & Arran,A201H
Ayrshire & Arran,A208H
Ayrshire & Arran,A210H
Ayrshire & Arran,A211H
Ayrshire & Arran,A214H
Ayrshire & Arran,A215H
Ayrshire & Arran,A216H
Ayrshire & Arran,A217H
Ayrshire & Arran,A218H
Borders,B103H
Borders,B104H
Borders,B105H
Borders,B108H
Borders,B114H
Borders,B118H
Borders,B120H
Borders,B121H
Borders,B123H
Borders,B124H
Borders,B127H
Borders,B128H
Borders,B129H
Borders,B130H
Dumfries & Galloway,Y101H
Dumfries & Galloway,Y106H
Dumfries & Galloway,Y107H
Dumfries & Galloway,Y108H
Dumfries & Galloway,Y109H
Dumfries & Galloway,Y110H
Dumfries & Galloway,Y114H
Dumfries & Galloway,Y120H
Dumfries & Galloway,Y126H
Dumfries & Galloway,Y129H
Dumfries & Galloway,Y130H
Dumfries & Galloway,Y132H
Dumfries & Galloway,Y134H
Dumfries & Galloway,Y135H
Dumfries & Galloway,Y136H
Dumfries & Galloway,Y138H
Dumfries & Galloway,Y142H
Dumfries & Galloway,Y144H
Dumfries & Galloway,Y145H
Dumfries & Galloway,Y146H
Fife,F701H
Fife,F704H
Fife,F705H
Fife,F708H
Fife,F709H
Fife,F710H
Fife,F711H
Fife,F712H
Fife,F714H
Fife,F716H
Fife,F805H
Fife,F810H
Fife,F812H
Forth Valley,V102H
Forth Valley,V105H
Forth Valley,V106H
Forth Valley,V201H
Forth Valley,V214H
Forth Valley,V215H
Forth Valley,V216H
Forth Valley,V217H
Grampian,N101H
Grampian,N102H
Grampian,N103H
Grampian,N106H
Grampian,N111H
Grampian,N121H
Grampian,N151H
Grampian,N161H
Grampian,N181H
Grampian,N184H
Grampian,N198H
Grampian,N331H
Grampian,N333H
Grampian,N334H
Grampian,N335H
Grampian,N336H
Grampian,N337H
Grampian,N401E
Grampian,N411H
Grampian,N431H
Grampian,N432H
Grampian,N433H
Grampian,N434H
Grampian,N492H
Grampian,N494H
Grampian,N495H
Grampian,N496H
Grampian,N499H
Grampian,N500H
Grampian,N501H
Greater Glasgow & Clyde,C204H
Greater Glasgow & Clyde,C206H
Greater Glasgow & Clyde,C313H
Greater Glasgow & Clyde,C403H
Greater Glasgow & Clyde,C418H
Greater Glasgow & Clyde,C419H
Greater Glasgow & Clyde,C420H
Greater Glasgow & Clyde,G106H
Greater Glasgow & Clyde,G107H
Greater Glasgow & Clyde,G108H
Greater Glasgow & Clyde,G109H
Greater Glasgow & Clyde,G112H
Greater Glasgow & Clyde,G113H
Greater Glasgow & Clyde,G207H
Greater Glasgow & Clyde,G212H
Greater Glasgow & Clyde,G214H
Greater Glasgow & Clyde,G302H
Greater Glasgow & Clyde,G306H
Greater Glasgow & Clyde,G405H
Greater Glasgow & Clyde,G408H
Greater Glasgow & Clyde,G410H
Greater Glasgow & Clyde,G504H
Greater Glasgow & Clyde,G505H
Greater Glasgow & Clyde,G507H
Greater Glasgow & Clyde,G513H
Greater Glasgow & Clyde,G516H
Greater Glasgow & Clyde,G517H
Greater Glasgow & Clyde,G598H
Greater Glasgow & Clyde,G599H
Greater Glasgow & Clyde,G600H
Greater Glasgow & Clyde,G603H
Greater Glasgow & Clyde,G607H
Greater Glasgow & Clyde,G611H
Greater Glasgow & Clyde,G612H
Greater Glasgow & Clyde,G613H
Greater Glasgow & Clyde,G614H
Highland,C101H
Highland,C106H
Highland,C108H
Highland,C113H
Highland,C121H
Highland,C122H
Highland,H101H
Highland,H103H
Highland,H104H
Highland,H106H
Highland,H201H
Highland,H202H
Highland,H208H
Highland,H212H
Highland,H213H
Highland,H215H
Highland,H217H
Highland,H219H
Highland,H221H
Highland,H223H
Highland,H224H
Highland,H226H
Highland,H227H
Highland,H228H
Highland,H229H
Highland,H230H
Highland,H231H
Lanarkshire,L103H
Lanarkshire,L104H
Lanarkshire,L105H
Lanarkshire,L106H
Lanarkshire,L203H
Lanarkshire,L206H
Lanarkshire,L207H
Lanarkshire,L216H
Lanarkshire,L218H
Lanarkshire,L302H
Lanarkshire,L304H
Lanarkshire,L305H
Lanarkshire,L306H
Lanarkshire,L307H
Lanarkshire,L308H
Lanarkshire,L395E
Lothian,S102H
Lothian,S107H
Lothian,S108H
Lothian,S109H
Lothian,S116H
Lothian,S201H
Lothian,S203H
Lothian,S206H
Lothian,S209H
Lothian,S217H
Lothian,S232H
Lothian,S234H
Lothian,S235H
Lothian,S240H
Lothian,S241H
Lothian,S243H
Lothian,S305H
Lothian,S306H
Lothian,S307H
Lothian,S308H
Lothian,S309H
Lothian,S310H
Lothian,S311H
Lothian,S312H
Lothian,S313H
Lothian,S314H
Lothian,S315H
Lothian,S316H
Lothian,S317H
Lothian,S318H
Lothian,S319H
Lothian,S320H
Lothian,S321H
National,D101H
National,D102H
Orkney,R103H
Shetland,Z102H
Tayside,T101H
Tayside,T104H
Tayside,T107H
Tayside,T113H
Tayside,T115H
Tayside,T116H
Tayside,T120H
Tayside,T121H
Tayside,T123H
Tayside,T202H
Tayside,T205H
Tayside,T209H
Tayside,T215H
Tayside,T304H
Tayside,T312H
Tayside,T313H
Tayside,T314H
Tayside,T316H
Tayside,T317H
Tayside,T319H
Tayside,T320H
Tayside,T321H
Tayside,T322H
Tayside,T323H
Tayside,T324H
Tayside,T325H
Western Isles,W106H
Western Isles,W107H
Western Isles,W108H
